{"cameraMode":{"drawMode":0,"name":"Shaded","section":"Shading Mode"},"sceneLighting":true,"audioPlay":false,"sceneViewState":{"m_AlwaysRefresh":false,"showFog":true,"showSkybox":true,"showFlares":true,"showImageEffects":true,"showParticleSystems":true,"showVisualEffectGraphs":true,"m_FxEnabled":true},"in2DMode":false,"pivot":{"x":-9.92917251586914,"y":-5.614893913269043,"z":18.55115509033203},"rotation":{"x":-0.38932734727859499,"y":0.0005911083426326513,"z":-0.0001106890631490387,"w":-0.9211083054542542},"size":7.224379539489746,"orthographic":false}