{"cameraMode":{"drawMode":0,"name":"Shaded","section":"Shading Mode"},"sceneLighting":true,"audioPlay":false,"sceneViewState":{"m_AlwaysRefresh":false,"showFog":true,"showSkybox":true,"showFlares":true,"showImageEffects":true,"showParticleSystems":true,"showVisualEffectGraphs":true,"m_FxEnabled":true},"in2DMode":false,"pivot":{"x":-11.876672744750977,"y":2.6600241661071779,"z":15.178671836853028},"rotation":{"x":-0.09826818853616715,"y":0.012256376445293427,"z":-0.0005527745233848691,"w":-0.995378315448761},"size":7.247568130493164,"orthographic":false}