{"cameraMode":{"drawMode":0,"name":"Shaded","section":"Shading Mode"},"sceneLighting":true,"audioPlay":false,"sceneViewState":{"m_AlwaysRefresh":false,"showFog":true,"showSkybox":true,"showFlares":true,"showImageEffects":true,"showParticleSystems":true,"showVisualEffectGraphs":true,"m_FxEnabled":true},"in2DMode":false,"pivot":{"x":-11.93787956237793,"y":-1.014153003692627,"z":30.84442901611328},"rotation":{"x":-0.09317849576473236,"y":0.030153654515743257,"z":-0.002113747177645564,"w":-0.9954360723495483},"size":10.594364166259766,"orthographic":false}