{"cameraMode":{"drawMode":0,"name":"Shaded","section":"Shading Mode"},"sceneLighting":true,"audioPlay":false,"sceneViewState":{"m_AlwaysRefresh":false,"showFog":true,"showSkybox":true,"showFlares":true,"showImageEffects":true,"showParticleSystems":true,"showVisualEffectGraphs":true,"m_FxEnabled":true},"in2DMode":false,"pivot":{"x":-10.93569278717041,"y":-0.6609675884246826,"z":12.555004119873047},"rotation":{"x":-0.2239810824394226,"y":0.003524682717397809,"z":-0.0006768608000129461,"w":-0.9745908379554749},"size":3.922987222671509,"orthographic":false}