{"cameraMode":{"drawMode":0,"name":"Shaded","section":"Shading Mode"},"sceneLighting":true,"audioPlay":false,"sceneViewState":{"m_AlwaysRefresh":false,"showFog":true,"showSkybox":true,"showFlares":true,"showImageEffects":true,"showParticleSystems":true,"showVisualEffectGraphs":true,"m_FxEnabled":true},"in2DMode":false,"pivot":{"x":-10.854268074035645,"y":2.020329236984253,"z":17.509401321411134},"rotation":{"x":-0.15266118943691255,"y":-0.02932784892618656,"z":0.005255682393908501,"w":-0.9880777597427368},"size":3.4792678356170656,"orthographic":false}