{"cameraMode":{"drawMode":0,"name":"Shaded","section":"Shading Mode"},"sceneLighting":true,"audioPlay":false,"sceneViewState":{"m_AlwaysRefresh":false,"showFog":true,"showSkybox":true,"showFlares":true,"showImageEffects":true,"showParticleSystems":true,"showVisualEffectGraphs":true,"m_FxEnabled":true},"in2DMode":false,"pivot":{"x":-26.784204483032228,"y":-42.05210494995117,"z":101.52909088134766},"rotation":{"x":-0.2202746421098709,"y":0.08672904968261719,"z":-0.018612531945109369,"w":-0.9713964462280273},"size":54.29228210449219,"orthographic":false}