{"cameraMode":{"drawMode":0,"name":"Shaded","section":"Shading Mode"},"sceneLighting":true,"audioPlay":false,"sceneViewState":{"m_AlwaysRefresh":false,"showFog":true,"showSkybox":true,"showFlares":true,"showImageEffects":true,"showParticleSystems":true,"showVisualEffectGraphs":true,"m_FxEnabled":true},"in2DMode":false,"pivot":{"x":-1.1962451934814454,"y":-0.7752619981765747,"z":13.792585372924805},"rotation":{"x":0.1178731918334961,"y":-0.10675613582134247,"z":0.01256357878446579,"w":0.9872764945030212},"size":5.740209102630615,"orthographic":false}