{"cameraMode":{"drawMode":0,"name":"Shaded","section":"Shading Mode"},"sceneLighting":true,"audioPlay":false,"sceneViewState":{"m_AlwaysRefresh":false,"showFog":true,"showSkybox":true,"showFlares":true,"showImageEffects":true,"showParticleSystems":true,"showVisualEffectGraphs":true,"m_FxEnabled":true},"in2DMode":false,"pivot":{"x":-17.33918571472168,"y":0.2576618194580078,"z":12.287530899047852},"rotation":{"x":-0.14225856959819795,"y":-0.09007362276315689,"z":0.014044479466974736,"w":-0.9859065413475037},"size":2.1584208011627199,"orthographic":false}