{"cameraMode":{"drawMode":0,"name":"Shaded","section":"Shading Mode"},"sceneLighting":true,"audioPlay":false,"sceneViewState":{"m_AlwaysRefresh":false,"showFog":true,"showSkybox":true,"showFlares":true,"showImageEffects":true,"showParticleSystems":true,"showVisualEffectGraphs":true,"m_FxEnabled":true},"in2DMode":false,"pivot":{"x":-11.242661476135254,"y":0.23755258321762086,"z":12.549178123474121},"rotation":{"x":0.1458265632390976,"y":-0.026709502562880517,"z":0.003961937967687845,"w":0.9889808893203735},"size":4.648531913757324,"orthographic":false}