{"cameraMode":{"drawMode":0,"name":"Shaded","section":"Shading Mode"},"sceneLighting":true,"audioPlay":false,"sceneViewState":{"m_AlwaysRefresh":false,"showFog":true,"showSkybox":true,"showFlares":true,"showImageEffects":true,"showParticleSystems":true,"showVisualEffectGraphs":true,"m_FxEnabled":true},"in2DMode":false,"pivot":{"x":-10.327760696411133,"y":-0.3528878688812256,"z":13.203025817871094},"rotation":{"x":0.23421026766300202,"y":0.011621590703725815,"z":-0.002824589377269149,"w":0.9722269773483276},"size":3.1853926181793215,"orthographic":false}